"Player","Pos","Team","1","2","3","4","5","6","7","8","9","10","11","12","13","14","15","16","17","18","TTL","AVG"
"Trevor Lawrence","QB","JAC","100%","100%","100%","100%","100%","100%","","","","","","","","","","","","","409","100%"
"Bo Nix","QB","DEN","100%","100%","100%","100%","100%","100%","","","","","","","","","","","","","401","100%"
"Spencer Rattler","QB","NO","100%","100%","96%","100%","94%","98%","","","","","","","","","","","","","400","98%"
"Bryce Young","QB","CAR","100%","100%","98%","81%","100%","100%","","","","","","","","","","","","","399","97%"
"Dak Prescott","QB","DAL","100%","100%","86%","100%","100%","100%","","","","","","","","","","","","","398","98%"
"Justin Herbert","QB","LAC","100%","100%","100%","100%","91%","100%","","","","","","","","","","","","","397","99%"
"Baker Mayfield","QB","TB","100%","100%","100%","100%","100%","100%","","","","","","","","","","","","","396","100%"
"Josh Allen","QB","BUF","100%","87%","100%","100%","100%","100%","","","","","","","","","","","","","394","98%"
"Patrick Mahomes II","QB","KC","100%","100%","100%","92%","100%","100%","","","","","","","","","","","","","388","98%"
"Matthew Stafford","QB","LAR","100%","100%","100%","100%","100%","100%","","","","","","","","","","","","","383","100%"
"Geno Smith","QB","LV","100%","100%","100%","100%","100%","100%","","","","","","","","","","","","","380","100%"
"Jerry Jeudy","WR","CLE","88%","88%","83%","82%","90%","89%","","","","","","","","","","","","","377","87%"
"Daniel Jones","QB","IND","100%","100%","88%","100%","89%","100%","","","","","","","","","","","","","373","96%"
"Drake Maye","QB","NE","100%","100%","100%","88%","100%","100%","","","","","","","","","","","","","372","98%"
"Cam Ward","QB","TEN","100%","100%","100%","100%","100%","100%","","","","","","","","","","","","","371","100%"
"Christian McCaffrey","RB","SF","76%","77%","91%","85%","88%","93%","","","","","","","","","","","","","368","85%"
"Cade Otton","TE","TB","86%","91%","92%","96%","92%","100%","","","","","","","","","","","","","367","93%"
"Tetairoa McMillan","WR","CAR","83%","85%","90%","94%","90%","93%","","","","","","","","","","","","","367","89%"
"Jalen Hurts","QB","PHI","100%","100%","100%","100%","100%","100%","","","","","","","","","","","","","365","100%"
"Juwan Johnson","TE","NO","99%","96%","90%","90%","85%","71%","","","","","","","","","","","","","364","89%"
"Garrett Wilson","WR","NYJ","100%","94%","100%","98%","94%","84%","","","","","","","","","","","","","364","95%"
"Trey McBride","TE","ARI","97%","91%","88%","96%","90%","90%","","","","","","","","","","","","","363","92%"
"Jared Goff","QB","DET","100%","95%","100%","93%","100%","100%","","","","","","","","","","","","","363","98%"
"Wan'Dale Robinson","WR","NYG","76%","70%","77%","97%","95%","97%","","","","","","","","","","","","","360","86%"
"Jakobi Meyers","WR","LV","94%","93%","94%","98%","88%","90%","","","","","","","","","","","","","352","93%"
"George Pickens","WR","DAL","92%","89%","82%","90%","78%","84%","","","","","","","","","","","","","351","86%"
"Chris Olave","WR","NO","85%","100%","85%","85%","73%","88%","","","","","","","","","","","","","351","86%"
"Tre Tucker","WR","LV","90%","91%","94%","98%","88%","92%","","","","","","","","","","","","","350","92%"
"Brian Thomas Jr.","WR","JAC","86%","94%","81%","79%","93%","80%","","","","","","","","","","","","","350","86%"
"Courtland Sutton","WR","DEN","95%","78%","81%","85%","95%","80%","","","","","","","","","","","","","346","86%"
"A.J. Brown","WR","PHI","87%","97%","93%","96%","93%","96%","","","","","","","","","","","","","342","94%"
"Theo Johnson","TE","NYG","78%","84%","86%","70%","82%","90%","","","","","","","","","","","","","341","81%"
"Sam Darnold","QB","SEA","100%","100%","68%","100%","100%","100%","","","","","","","","","","","","","338","95%"
"Joe Flacco","QB","Multi","100%","90%","100%","96%","0%","100%","","","","","","","","","","","","","337","97%"
"Ladd McConkey","WR","LAC","85%","74%","93%","92%","79%","70%","","","","","","","","","","","","","334","83%"
"Sam LaPorta","TE","DET","91%","85%","84%","93%","94%","96%","","","","","","","","","","","","","334","90%"
"David Njoku","TE","CLE","84%","82%","76%","84%","96%","44%","","","","","","","","","","","","","333","77%"
"DeVonta Smith","WR","PHI","89%","75%","96%","91%","98%","96%","","","","","","","","","","","","","332","91%"
"Tua Tagovailoa","QB","MIA","81%","100%","100%","100%","100%","100%","","","","","","","","","","","","","329","97%"
"Michael Penix Jr.","QB","ATL","100%","100%","77%","100%","bye","100%","","","","","","","","","","","","","328","96%"
"Ja'Marr Chase","WR","CIN","87%","96%","86%","96%","92%","100%","","","","","","","","","","","","","327","93%"
"Jameson Williams","WR","DET","97%","88%","91%","85%","82%","85%","","","","","","","","","","","","","327","88%"
"Michael Pittman Jr.","WR","IND","82%","83%","81%","93%","82%","85%","","","","","","","","","","","","","326","84%"
"Jordan Love","QB","GB","100%","100%","100%","100%","bye","100%","","","","","","","","","","","","","325","100%"
"Amon-Ra St. Brown","WR","DET","94%","85%","85%","90%","81%","89%","","","","","","","","","","","","","323","87%"
"Davante Adams","WR","LAR","90%","80%","86%","83%","85%","79%","","","","","","","","","","","","","322","84%"
"Harold Fannin Jr.","TE","CLE","72%","63%","64%","85%","79%","80%","","","","","","","","","","","","","321","74%"
"Jonathan Taylor","RB","IND","71%","93%","79%","87%","74%","92%","","","","","","","","","","","","","319","82%"
"Hunter Henry","TE","NE","93%","85%","81%","76%","87%","83%","","","","","","","","","","","","","319","84%"
"Kyler Murray","QB","ARI","100%","98%","100%","100%","96%","0%","","","","","","","","","","","","","318","99%"
"Emeka Egbuka","WR","TB","93%","92%","64%","89%","85%","53%","","","","","","","","","","","","","318","80%"
"Mason Taylor","TE","NYJ","88%","72%","74%","81%","84%","96%","","","","","","","","","","","","","316","83%"
"Caleb Williams","QB","CHI","100%","84%","100%","100%","bye","100%","","","","","","","","","","","","","315","97%"
"Tyler Warren","TE","IND","73%","93%","68%","89%","71%","88%","","","","","","","","","","","","","311","80%"
"Javonte Williams","RB","DAL","77%","72%","59%","80%","77%","85%","","","","","","","","","","","","","303","74%"
"Darius Slayton","WR","NYG","97%","99%","76%","87%","75%","0%","","","","","","","","","","","","","303","87%"
"Drake London","WR","ATL","88%","85%","86%","85%","bye","97%","","","","","","","","","","","","","303","88%"
"Jalen Tolbert","WR","DAL","44%","65%","88%","81%","77%","91%","","","","","","","","","","","","","302","74%"
"C.J. Stroud","QB","HOU","100%","100%","100%","100%","80%","bye","","","","","","","","","","","","","302","96%"
"Saquon Barkley","RB","PHI","79%","83%","94%","84%","72%","81%","","","","","","","","","","","","","301","82%"
"Tee Higgins","WR","CIN","79%","87%","82%","83%","97%","80%","","","","","","","","","","","","","299","85%"
"Marvin Harrison Jr.","WR","ARI","89%","93%","80%","100%","76%","23%","","","","","","","","","","","","","299","76%"
"Michael Wilson","WR","ARI","67%","69%","74%","97%","69%","75%","","","","","","","","","","","","","298","75%"
"Tucker Kraft","TE","GB","92%","91%","88%","95%","bye","92%","","","","","","","","","","","","","298","92%"
"Rome Odunze","WR","CHI","94%","100%","90%","76%","bye","97%","","","","","","","","","","","","","298","91%"
"Jake Tonges","TE","SF","39%","79%","69%","68%","73%","83%","","","","","","","","","","","","","296","68%"
"Alvin Kamara","RB","NO","79%","86%","74%","73%","56%","62%","","","","","","","","","","","","","295","72%"
"Justin Fields","QB","NYJ","100%","62%","0%","100%","100%","100%","","","","","","","","","","","","","295","94%"
"Kyren Williams","RB","LAR","82%","70%","76%","68%","91%","75%","","","","","","","","","","","","","295","77%"
"Zay Flowers","WR","BAL","90%","79%","86%","89%","84%","91%","","","","","","","","","","","","","295","87%"
"Travis Kelce","TE","KC","84%","77%","74%","66%","80%","70%","","","","","","","","","","","","","294","75%"
"Rashid Shaheed","WR","NO","85%","70%","74%","70%","67%","61%","","","","","","","","","","","","","293","72%"
"Tony Pollard","RB","TEN","89%","89%","91%","86%","73%","43%","","","","","","","","","","","","","292","79%"
"Keon Coleman","WR","BUF","88%","51%","75%","73%","62%","86%","","","","","","","","","","","","","292","72%"
"Puka Nacua","WR","LAR","63%","69%","91%","81%","93%","51%","","","","","","","","","","","","","291","76%"
"Elic Ayomanor","WR","TEN","79%","73%","74%","82%","72%","93%","","","","","","","","","","","","","291","78%"
"Justin Jefferson","WR","MIN","98%","100%","80%","100%","100%","bye","","","","","","","","","","","","","291","96%"
"Mac Jones","QB","SF","0%","100%","100%","0%","100%","100%","","","","","","","","","","","","","291","100%"
"Quentin Johnston","WR","LAC","82%","76%","87%","92%","82%","0%","","","","","","","","","","","","","285","84%"
"Andrei Iosivas","WR","CIN","65%","84%","62%","90%","87%","94%","","","","","","","","","","","","","285","81%"
"Brandin Cooks","WR","NO","76%","68%","70%","90%","45%","64%","","","","","","","","","","","","","282","69%"
"Deebo Samuel Sr.","WR","WAS","77%","88%","43%","86%","78%","72%","","","","","","","","","","","","","282","75%"
"AJ Barner","TE","SEA","85%","89%","54%","86%","80%","78%","","","","","","","","","","","","","282","79%"
"DJ Moore","WR","CHI","84%","88%","90%","76%","bye","94%","","","","","","","","","","","","","281","86%"
"JuJu Smith-Schuster","WR","KC","80%","70%","69%","78%","66%","62%","","","","","","","","","","","","","280","71%"
"De'Von Achane","RB","MIA","73%","93%","77%","76%","87%","90%","","","","","","","","","","","","","280","83%"
"Jaylen Waddle","WR","MIA","65%","82%","87%","90%","89%","81%","","","","","","","","","","","","","280","83%"
"Kyle Pitts Sr.","TE","ATL","78%","80%","82%","74%","bye","93%","","","","","","","","","","","","","279","81%"
"Jake Ferguson","TE","DAL","77%","73%","57%","78%","55%","67%","","","","","","","","","","","","","278","68%"
"Aaron Rodgers","QB","PIT","100%","95%","100%","100%","bye","95%","","","","","","","","","","","","","278","98%"
"Cole Kmet","TE","CHI","90%","90%","93%","100%","bye","52%","","","","","","","","","","","","","277","85%"
"Kayshon Boutte","WR","NE","82%","72%","76%","69%","62%","67%","","","","","","","","","","","","","271","72%"
"Romeo Doubs","WR","GB","71%","74%","89%","90%","bye","85%","","","","","","","","","","","","","269","83%"
"Cooper Kupp","WR","SEA","88%","69%","54%","74%","89%","71%","","","","","","","","","","","","","264","74%"
"Jayden Daniels","QB","WAS","100%","100%","0%","0%","100%","100%","","","","","","","","","","","","","263","100%"
"Jaxon Smith-Njigba","WR","SEA","77%","65%","49%","80%","90%","82%","","","","","","","","","","","","","263","74%"
"Ashton Jeanty","RB","LV","86%","56%","61%","85%","54%","79%","","","","","","","","","","","","","262","69%"
"Troy Franklin","WR","DEN","59%","83%","79%","58%","59%","58%","","","","","","","","","","","","","260","65%"
"Chig Okonkwo","TE","TEN","88%","76%","66%","70%","63%","57%","","","","","","","","","","","","","258","70%"
"Travis Hunter","WR","JAC","64%","59%","53%","56%","67%","78%","","","","","","","","","","","","","257","63%"
"Bijan Robinson","RB","ATL","83%","65%","80%","69%","bye","74%","","","","","","","","","","","","","256","75%"
"Dallas Goedert","TE","PHI","83%","0%","91%","75%","79%","89%","","","","","","","","","","","","","255","84%"
"Marquise Brown","WR","KC","93%","75%","68%","52%","52%","52%","","","","","","","","","","","","","255","65%"
"Keenan Allen","WR","LAC","62%","55%","65%","78%","58%","56%","","","","","","","","","","","","","252","63%"
"Nico Collins","WR","HOU","84%","90%","86%","86%","57%","bye","","","","","","","","","","","","","252","80%"
"Omarion Hampton","RB","LAC","80%","62%","79%","89%","58%","0%","","","","","","","","","","","","","251","74%"
"Tommy Tremble","TE","CAR","45%","41%","57%","75%","76%","73%","","","","","","","","","","","","","251","61%"
"Kendrick Bourne","WR","SF","0%","49%","72%","67%","81%","80%","","","","","","","","","","","","","251","70%"
"Calvin Ridley","WR","TEN","95%","86%","87%","54%","66%","10%","","","","","","","","","","","","","249","67%"
"DK Metcalf","WR","PIT","95%","90%","89%","79%","bye","83%","","","","","","","","","","","","","248","87%"
"Travis Etienne Jr.","RB","JAC","61%","66%","54%","60%","59%","62%","","","","","","","","","","","","","247","60%"
"Khalil Shakir","WR","BUF","71%","49%","70%","53%","63%","60%","","","","","","","","","","","","","247","61%"
"Brenton Strange","TE","JAC","79%","90%","83%","74%","38%","0%","","","","","","","","","","","","","246","74%"
"Mark Andrews","TE","BAL","75%","80%","81%","56%","58%","78%","","","","","","","","","","","","","246","72%"
"T.J. Hockenson","TE","MIN","80%","72%","68%","93%","85%","bye","","","","","","","","","","","","","246","81%"
"James Cook III","RB","BUF","56%","47%","67%","73%","72%","53%","","","","","","","","","","","","","245","61%"
"Zach Ertz","TE","WAS","64%","90%","52%","61%","53%","60%","","","","","","","","","","","","","242","64%"
"Isaiah Bond","WR","CLE","28%","38%","65%","55%","57%","87%","","","","","","","","","","","","","240","55%"
"Josh Jacobs","RB","GB","88%","78%","66%","65%","bye","79%","","","","","","","","","","","","","240","74%"
"Noah Gray","TE","KC","41%","65%","68%","56%","56%","75%","","","","","","","","","","","","","238","60%"
"Breece Hall","RB","NYJ","58%","64%","55%","63%","62%","74%","","","","","","","","","","","","","238","62%"
"Cam Skattebo","RB","NYG","12%","52%","59%","75%","68%","71%","","","","","","","","","","","","","238","57%"
"Jordan Whittington","WR","LAR","50%","64%","50%","80%","40%","92%","","","","","","","","","","","","","238","62%"
"Sterling Shepard","WR","TB","64%","75%","61%","62%","41%","49%","","","","","","","","","","","","","237","60%"
"Jalen Nailor","WR","MIN","88%","100%","83%","63%","65%","bye","","","","","","","","","","","","","236","78%"
"Jahmyr Gibbs","RB","DET","66%","56%","69%","62%","52%","69%","","","","","","","","","","","","","230","62%"
"Dawson Knox","TE","BUF","56%","55%","53%","41%","56%","81%","","","","","","","","","","","","","229","57%"
"Rashod Bateman","WR","BAL","73%","59%","60%","82%","81%","56%","","","","","","","","","","","","","228","67%"
"Ricky Pearsall","WR","SF","84%","89%","97%","56%","0%","0%","","","","","","","","","","","","","227","82%"
"Isiah Pacheco","RB","KC","51%","58%","56%","37%","62%","77%","","","","","","","","","","","","","222","56%"
"Chase Brown","RB","CIN","75%","71%","55%","73%","53%","54%","","","","","","","","","","","","","222","63%"
"Xavier Legette","WR","CAR","78%","80%","0%","0%","79%","73%","","","","","","","","","","","","","222","78%"
"Jahan Dotson","WR","PHI","46%","37%","78%","54%","72%","75%","","","","","","","","","","","","","221","61%"
"Jaxson Dart","QB","NYG","0%","4%","5%","97%","100%","97%","","","","","","","","","","","","","220","63%"
"Rhamondre Stevenson","RB","NE","65%","65%","36%","57%","52%","72%","","","","","","","","","","","","","217","57%"
"Mack Hollins","WR","NE","54%","65%","62%","49%","58%","55%","","","","","","","","","","","","","217","57%"
"Malik Nabers","WR","NYG","94%","99%","92%","33%","0%","0%","","","","","","","","","","","","","216","78%"
"Tyquan Thornton","WR","KC","72%","75%","76%","34%","45%","27%","","","","","","","","","","","","","215","55%"
"Austin Hooper","TE","NE","32%","62%","65%","65%","57%","64%","","","","","","","","","","","","","215","57%"
"Josh Reynolds","WR","NYJ","97%","0%","0%","67%","74%","88%","","","","","","","","","","","","","215","81%"
"Dyami Brown","WR","JAC","71%","80%","33%","0%","66%","64%","","","","","","","","","","","","","214","63%"
"Dalton Schultz","TE","HOU","54%","59%","79%","85%","59%","bye","","","","","","","","","","","","","214","68%"
"Jauan Jennings","WR","SF","66%","87%","0%","73%","0%","77%","","","","","","","","","","","","","213","76%"
"Luke Farrell","TE","SF","58%","58%","46%","48%","44%","39%","","","","","","","","","","","","","212","49%"
"Jake Browning","QB","CIN","0%","70%","95%","100%","100%","0%","","","","","","","","","","","","","211","90%"
"Hunter Renfrow","WR","CAR","66%","81%","29%","49%","43%","27%","","","","","","","","","","","","","210","51%"
"D'Andre Swift","RB","CHI","81%","57%","61%","66%","bye","56%","","","","","","","","","","","","","210","64%"
"Stefon Diggs","WR","NE","56%","52%","53%","63%","50%","59%","","","","","","","","","","","","","209","55%"
"Josh Downs","WR","IND","49%","58%","51%","62%","50%","51%","","","","","","","","","","","","","207","53%"
"J.K. Dobbins","RB","DEN","53%","45%","67%","44%","53%","50%","","","","","","","","","","","","","206","51%"
"Xavier Hutchinson","WR","HOU","68%","57%","62%","68%","67%","bye","","","","","","","","","","","","","205","65%"
"Rico Dowdle","RB","CAR","34%","29%","40%","39%","67%","88%","","","","","","","","","","","","","203","49%"
"Alec Pierce","WR","IND","79%","90%","54%","0%","0%","81%","","","","","","","","","","","","","201","77%"
"Cedric Tillman","WR","CLE","88%","95%","74%","22%","0%","0%","","","","","","","","","","","","","200","71%"
"Matthew Golden","WR","GB","48%","59%","71%","59%","bye","69%","","","","","","","","","","","","","200","62%"
"Dont'e Thornton Jr.","WR","LV","60%","81%","59%","60%","47%","3%","","","","","","","","","","","","","199","52%"
"Russell Wilson","QB","NYG","100%","96%","95%","3%","0%","3%","","","","","","","","","","","","","199","58%"
"Lamar Jackson","QB","BAL","100%","95%","100%","69%","0%","0%","","","","","","","","","","","","","199","91%"
"Julian Hill","TE","MIA","58%","51%","56%","69%","53%","64%","","","","","","","","","","","","","198","59%"
"Bucky Irving","RB","TB","76%","71%","74%","61%","0%","0%","","","","","","","","","","","","","198","70%"
"Adam Trautman","TE","DEN","58%","62%","37%","52%","42%","38%","","","","","","","","","","","","","195","49%"
"Tyler Higbee","TE","LAR","58%","75%","55%","55%","0%","66%","","","","","","","","","","","","","193","61%"
"Charlie Woerner","TE","ATL","42%","85%","21%","68%","bye","67%","","","","","","","","","","","","","193","56%"
"Brock Wright","TE","DET","36%","53%","56%","40%","73%","57%","","","","","","","","","","","","","193","52%"
"Arian Smith","WR","NYJ","9%","47%","78%","46%","56%","60%","","","","","","","","","","","","","191","50%"
"Olamide Zaccheaus","WR","CHI","45%","44%","58%","60%","bye","84%","","","","","","","","","","","","","189","58%"
"Dontayvion Wicks","WR","GB","46%","54%","68%","77%","bye","34%","","","","","","","","","","","","","188","58%"
"Carson Wentz","QB","MIN","0%","0%","80%","100%","98%","bye","","","","","","","","","","","","","188","94%"
"Zay Jones","WR","ARI","47%","51%","50%","0%","50%","79%","","","","","","","","","","","","","184","56%"
"Jordan Mason","RB","MIN","54%","60%","60%","62%","66%","bye","","","","","","","","","","","","","184","61%"
"Malik Washington","WR","MIA","58%","61%","54%","48%","58%","44%","","","","","","","","","","","","","182","54%"
"Parker Washington","WR","JAC","26%","24%","71%","85%","26%","33%","","","","","","","","","","","","","182","44%"
"Brock Bowers","TE","LV","51%","77%","83%","77%","0%","0%","","","","","","","","","","","","","181","72%"
"Rachaad White","RB","TB","24%","31%","28%","42%","80%","77%","","","","","","","","","","","","","179","45%"
"Derrick Henry","RB","BAL","57%","61%","49%","40%","65%","49%","","","","","","","","","","","","","179","53%"
"Mo Alie-Cox","TE","IND","45%","35%","49%","31%","53%","63%","","","","","","","","","","","","","177","46%"
"Jerome Ford","RB","CLE","54%","48%","36%","27%","37%","40%","","","","","","","","","","","","","177","41%"
"Chuba Hubbard","RB","CAR","67%","74%","62%","51%","0%","0%","","","","","","","","","","","","","177","64%"
"Tyler Lockett","WR","TEN","58%","48%","54%","72%","25%","33%","","","","","","","","","","","","","176","47%"
"Drew Sample","TE","CIN","69%","41%","68%","46%","44%","34%","","","","","","","","","","","","","173","49%"
"Joshua Palmer","WR","BUF","62%","51%","43%","25%","51%","11%","","","","","","","","","","","","","173","43%"
"Jonnu Smith","TE","PIT","66%","56%","83%","25%","bye","69%","","","","","","","","","","","","","171","60%"
"Chris Moore","WR","WAS","27%","0%","57%","70%","59%","68%","","","","","","","","","","","","","171","55%"
"Dalton Kincaid","TE","BUF","51%","48%","55%","37%","54%","0%","","","","","","","","","","","","","171","49%"
"Calvin Austin III","WR","PIT","80%","92%","72%","51%","bye","0%","","","","","","","","","","","","","168","75%"
"Quinshon Judkins","RB","CLE","0%","27%","55%","58%","56%","40%","","","","","","","","","","","","","167","47%"
"Zach Charbonnet","RB","SEA","58%","55%","0%","47%","57%","60%","","","","","","","","","","","","","165","55%"
"Gunnar Helm","TE","TEN","40%","33%","39%","40%","66%","48%","","","","","","","","","","","","","165","44%"
"Marvin Mims Jr.","WR","DEN","53%","36%","44%","40%","36%","35%","","","","","","","","","","","","","164","41%"
"Darnell Washington","TE","PIT","46%","37%","37%","91%","bye","80%","","","","","","","","","","","","","164","58%"
"Mike Evans","WR","TB","83%","79%","72%","0%","0%","0%","","","","","","","","","","","","","163","78%"
"Casey Washington","WR","ATL","95%","0%","0%","52%","bye","80%","","","","","","","","","","","","","162","77%"
"Dillon Gabriel","QB","CLE","0%","10%","0%","4%","100%","100%","","","","","","","","","","","","","162","56%"
"Tory Horton","WR","SEA","54%","40%","49%","36%","49%","45%","","","","","","","","","","","","","161","45%"
"Jackson Hawes","TE","BUF","19%","47%","43%","53%","29%","54%","","","","","","","","","","","","","159","39%"
"Elijah Arroyo","TE","SEA","31%","40%","49%","55%","43%","45%","","","","","","","","","","","","","157","44%"
"Davis Allen","TE","LAR","37%","41%","38%","29%","60%","40%","","","","","","","","","","","","","156","41%"
"Nick Westbrook-Ikhine","WR","MIA","44%","28%","25%","47%","71%","63%","","","","","","","","","","","","","155","46%"
"Tyreek Hill","WR","MIA","62%","84%","87%","41%","0%","0%","","","","","","","","","","","","","155","69%"
"Charlie Kolar","TE","BAL","61%","59%","51%","25%","47%","36%","","","","","","","","","","","","","155","46%"
"Chimere Dike","WR","TEN","18%","42%","41%","40%","49%","56%","","","","","","","","","","","","","154","42%"
"Justice Hill","RB","BAL","45%","39%","51%","58%","30%","45%","","","","","","","","","","","","","154","45%"
"Terry McLaurin","WR","WAS","79%","91%","60%","0%","0%","0%","","","","","","","","","","","","","153","78%"
"Kenneth Walker III","RB","SEA","40%","35%","53%","50%","44%","35%","","","","","","","","","","","","","153","43%"
"Kyle Juszczyk","RB","SF","49%","14%","34%","35%","42%","36%","","","","","","","","","","","","","153","35%"
"Jacory Croskey-Merritt","RB","WAS","33%","22%","40%","35%","47%","66%","","","","","","","","","","","","","152","40%"
"Kareem Hunt","RB","KC","38%","40%","44%","44%","33%","30%","","","","","","","","","","","","","151","38%"
"Daniel Bellinger","TE","NYG","22%","28%","24%","32%","52%","57%","","","","","","","","","","","","","151","36%"
"Jeremy Ruckert","TE","NYJ","45%","36%","41%","40%","34%","39%","","","","","","","","","","","","","149","39%"
"Jamari Thrash","WR","CLE","28%","27%","18%","42%","40%","45%","","","","","","","","","","","","","146","34%"
"Brycen Tremayne","WR","CAR","30%","18%","28%","81%","24%","34%","","","","","","","","","","","","","146","35%"
"Kalif Raymond","WR","DET","66%","54%","49%","55%","3%","4%","","","","","","","","","","","","","146","39%"
"Jayden Higgins","WR","HOU","43%","43%","44%","44%","56%","bye","","","","","","","","","","","","","146","46%"
"CeeDee Lamb","WR","DAL","92%","92%","9%","0%","0%","0%","","","","","","","","","","","","","145","65%"
"Johnny Mundt","TE","JAC","50%","27%","26%","37%","34%","39%","","","","","","","","","","","","","145","35%"
"Nick Chubb","RB","HOU","51%","53%","52%","42%","34%","bye","","","","","","","","","","","","","145","46%"
"Darnell Mooney","WR","ATL","0%","86%","89%","45%","bye","0%","","","","","","","","","","","","","145","74%"
"Evan Engram","TE","DEN","34%","43%","0%","43%","41%","47%","","","","","","","","","","","","","144","41%"
"Jaylin Lane","WR","WAS","30%","52%","24%","44%","34%","42%","","","","","","","","","","","","","143","38%"
"David Montgomery","RB","DET","37%","39%","37%","33%","53%","31%","","","","","","","","","","","","","143","39%"
"Xavier Worthy","WR","KC","5%","0%","0%","59%","77%","73%","","","","","","","","","","","","","142","54%"
"TreVeyon Henderson","RB","NE","35%","32%","46%","31%","50%","30%","","","","","","","","","","","","","142","38%"
"Brock Purdy","QB","SF","100%","0%","0%","100%","0%","0%","","","","","","","","","","","","","142","100%"
"Tutu Atwell","WR","LAR","42%","43%","38%","28%","66%","0%","","","","","","","","","","","","","142","43%"
"Adam Thielen","WR","MIN","57%","81%","75%","16%","22%","bye","","","","","","","","","","","","","141","46%"
"Marquez Valdes-Scantling","WR","SF","36%","13%","26%","0%","53%","61%","","","","","","","","","","","","","141","38%"
"Luke Schoonmaker","TE","DAL","25%","29%","36%","28%","55%","36%","","","","","","","","","","","","","140","34%"
"Tyler Johnson","WR","NYJ","52%","96%","70%","0%","4%","19%","","","","","","","","","","","","","140","44%"
"Ray-Ray McCloud III","WR","ATL","72%","23%","70%","35%","bye","0%","","","","","","","","","","","","","139","51%"
"Hunter Long","TE","JAC","9%","1%","20%","32%","60%","80%","","","","","","","","","","","","","139","34%"
"Tre Harris","WR","LAC","8%","31%","29%","19%","37%","83%","","","","","","","","","","","","","138","34%"
"Grant Calcaterra","TE","PHI","59%","88%","19%","49%","11%","0%","","","","","","","","","","","","","138","45%"
"Mitchell Evans","TE","CAR","14%","7%","34%","54%","37%","58%","","","","","","","","","","","","","137","33%"
"Oronde Gadsden II","TE","LAC","0%","0%","26%","48%","54%","75%","","","","","","","","","","","","","136","49%"
"Jaylen Warren","RB","PIT","45%","58%","80%","0%","bye","53%","","","","","","","","","","","","","135","58%"
"KaVontae Turpin","WR","DAL","46%","16%","66%","61%","0%","0%","","","","","","","","","","","","","133","45%"
"Pat Freiermuth","TE","PIT","50%","50%","70%","28%","bye","36%","","","","","","","","","","","","","133","47%"
"Pat Bryant","WR","DEN","5%","24%","25%","33%","54%","58%","","","","","","","","","","","","","133","33%"
"Kenneth Gainwell","RB","PIT","54%","42%","26%","77%","bye","34%","","","","","","","","","","","","","131","46%"
"Ian Thomas","TE","LV","32%","10%","29%","56%","56%","30%","","","","","","","","","","","","","131","34%"
"DeMario Douglas","WR","NE","63%","25%","39%","16%","28%","25%","","","","","","","","","","","","","130","34%"
"Mike Gesicki","TE","CIN","31%","52%","30%","56%","50%","3%","","","","","","","","","","","","","129","37%"
"Ja'Tavion Sanders","TE","CAR","61%","66%","59%","0%","0%","0%","","","","","","","","","","","","","129","62%"
"Alec Ingold","RB","MIA","27%","35%","41%","53%","29%","39%","","","","","","","","","","","","","128","38%"
"Michael Mayer","TE","LV","63%","34%","8%","0%","0%","92%","","","","","","","","","","","","","125","48%"
"Eric Saubert","TE","SEA","17%","37%","46%","39%","28%","40%","","","","","","","","","","","","","124","35%"
"Van Jefferson","WR","TEN","12%","26%","34%","38%","18%","74%","","","","","","","","","","","","","124","33%"
"Trey Benson","RB","ARI","33%","44%","61%","55%","0%","0%","","","","","","","","","","","","","123","48%"
"Ryan Flournoy","WR","DAL","0%","12%","32%","23%","57%","69%","","","","","","","","","","","","","123","35%"
"Samaje Perine","RB","CIN","25%","29%","27%","31%","47%","46%","","","","","","","","","","","","","122","35%"
"Trent Sherfield Sr.","WR","DEN","34%","38%","42%","27%","22%","23%","","","","","","","","","","","","","122","30%"
"Jordan Addison","WR","MIN","0%","0%","0%","96%","75%","bye","","","","","","","","","","","","","122","87%"
"RJ Harvey","RB","DEN","29%","33%","29%","41%","20%","28%","","","","","","","","","","","","","121","30%"
"Jack Stoll","TE","NO","24%","25%","32%","36%","38%","21%","","","","","","","","","","","","","120","29%"
"Christian Kirk","WR","HOU","0%","0%","67%","61%","49%","bye","","","","","","","","","","","","","119","58%"
"Woody Marks","RB","HOU","11%","27%","48%","56%","39%","bye","","","","","","","","","","","","","117","37%"
"Greg Dortch","WR","ARI","15%","18%","24%","64%","7%","44%","","","","","","","","","","","","","116","29%"
"Cooper Rush","QB","BAL","0%","5%","0%","31%","100%","68%","","","","","","","","","","","","","116","50%"
"Marcus Mariota","QB","WAS","0%","0%","100%","100%","0%","0%","","","","","","","","","","","","","115","100%"
"Tyler Conklin","TE","LAC","43%","50%","26%","19%","30%","5%","","","","","","","","","","","","","114","28%"
"Drew Ogletree","TE","IND","37%","17%","33%","16%","45%","27%","","","","","","","","","","","","","114","29%"
"Elijah Higgins","TE","ARI","30%","40%","15%","13%","29%","45%","","","","","","","","","","","","","114","29%"
"Tyrell Shavers","WR","BUF","20%","33%","20%","24%","25%","49%","","","","","","","","","","","","","113","28%"
"Jack Bech","WR","LV","6%","7%","24%","10%","53%","75%","","","","","","","","","","","","","112","29%"
"Tez Johnson","WR","TB","14%","0%","29%","32%","36%","72%","","","","","","","","","","","","","112","35%"
"Payne Durham","TE","TB","26%","21%","32%","21%","30%","45%","","","","","","","","","","","","","112","28%"
"Josh Oliver","TE","MIN","48%","30%","35%","28%","45%","bye","","","","","","","","","","","","","112","37%"
"Isaiah Likely","TE","BAL","0%","0%","0%","47%","53%","81%","","","","","","","","","","","","","112","64%"
"Kendre Miller","RB","NO","15%","15%","27%","31%","39%","39%","","","","","","","","","","","","","111","27%"
"Luke McCaffrey","WR","WAS","7%","23%","36%","37%","39%","38%","","","","","","","","","","","","","111","29%"
"Demarcus Robinson","WR","SF","0%","0%","0%","38%","85%","19%","","","","","","","","","","","","","111","50%"
"Tyrone Tracy Jr.","RB","NYG","74%","42%","17%","0%","0%","30%","","","","","","","","","","","","","110","41%"
"Ty Johnson","RB","BUF","33%","25%","25%","20%","18%","42%","","","","","","","","","","","","","110","27%"
"Tylan Wallace","WR","BAL","31%","50%","56%","40%","9%","9%","","","","","","","","","","","","","109","32%"
"Noah Fant","TE","CIN","50%","25%","32%","0%","24%","49%","","","","","","","","","","","","","108","36%"
"Colston Loveland","TE","CHI","57%","53%","10%","0%","bye","42%","","","","","","","","","","","","","107","41%"
"Ben Sinnott","TE","WAS","11%","4%","57%","47%","32%","26%","","","","","","","","","","","","","107","28%"
"Adonai Mitchell","WR","IND","21%","10%","42%","89%","9%","0%","","","","","","","","","","","","","106","32%"
"John Bates","TE","WAS","53%","13%","0%","0%","51%","46%","","","","","","","","","","","","","106","40%"
"Chris Godwin Jr.","WR","TB","0%","0%","0%","81%","77%","0%","","","","","","","","","","","","","105","79%"
"Tanner Conner","TE","MIA","58%","46%","43%","16%","20%","5%","","","","","","","","","","","","","103","30%"
"J.J. McCarthy","QB","MIN","100%","100%","0%","0%","0%","bye","","","","","","","","","","","","","103","100%"
"Nate Adkins","TE","DEN","0%","0%","35%","42%","36%","38%","","","","","","","","","","","","","102","38%"
"Jeremy McNichols","RB","WAS","19%","23%","26%","33%","25%","32%","","","","","","","","","","","","","99","26%"
"Tip Reiman","TE","ARI","52%","0%","50%","9%","37%","0%","","","","","","","","","","","","","98","37%"
"Jalin Hyatt","WR","NYG","0%","0%","9%","38%","47%","42%","","","","","","","","","","","","","98","35%"
"Luke Musgrave","TE","GB","35%","31%","20%","30%","bye","34%","","","","","","","","","","","","","97","30%"
"DeAndre Hopkins","WR","BAL","35%","18%","25%","33%","26%","33%","","","","","","","","","","","","","97","29%"
"Malik Heath","WR","GB","23%","32%","26%","23%","bye","46%","","","","","","","","","","","","","97","30%"
"Isaiah Davis","RB","NYJ","12%","21%","13%","33%","40%","26%","","","","","","","","","","","","","96","25%"
"Colby Parkinson","TE","LAR","48%","0%","32%","28%","37%","0%","","","","","","","","","","","","","96","36%"
"Kyle Monangai","RB","CHI","13%","41%","29%","28%","bye","34%","","","","","","","","","","","","","95","29%"
"James Conner","RB","ARI","65%","55%","30%","0%","0%","0%","","","","","","","","","","","","","93","50%"
"Allen Lazard","WR","NYJ","0%","47%","25%","43%","33%","0%","","","","","","","","","","","","","93","36%"
"Kylen Granson","TE","PHI","27%","57%","3%","7%","36%","23%","","","","","","","","","","","","","92","25%"
"Isaac TeSlaa","WR","DET","4%","29%","21%","20%","34%","46%","","","","","","","","","","","","","92","25%"
"Tyler Allgeier","RB","ATL","25%","33%","9%","32%","bye","31%","","","","","","","","","","","","","90","26%"
"Ashton Dulin","WR","IND","14%","14%","16%","20%","71%","2%","","","","","","","","","","","","","89","23%"
"Darren Waller","TE","MIA","0%","0%","0%","28%","58%","69%","","","","","","","","","","","","","89","52%"
"Devaughn Vele","WR","NO","23%","34%","0%","6%","38%","32%","","","","","","","","","","","","","88","26%"
"Elijah Moore","WR","BUF","14%","40%","23%","31%","0%","25%","","","","","","","","","","","","","88","26%"
"Tyrod Taylor","QB","NYJ","0%","38%","100%","0%","0%","0%","","","","","","","","","","","","","87","75%"
"Will Dissly","TE","LAC","57%","40%","0%","0%","0%","41%","","","","","","","","","","","","","86","46%"
"Dylan Sampson","RB","CLE","43%","23%","8%","13%","10%","18%","","","","","","","","","","","","","86","20%"
"Reggie Gilliam","RB","BUF","14%","25%","15%","29%","12%","37%","","","","","","","","","","","","","86","21%"
"Tucker Fisk","TE","LAC","0%","0%","34%","21%","25%","42%","","","","","","","","","","","","","86","31%"
"LeQuint Allen Jr.","RB","JAC","14%","15%","30%","18%","22%","24%","","","","","","","","","","","","","84","21%"
"Blake Corum","RB","LAR","17%","30%","24%","29%","9%","23%","","","","","","","","","","","","","84","22%"
"Hunter Luepke","RB","DAL","13%","16%","12%","25%","33%","27%","","","","","","","","","","","","","83","20%"
"Brevyn Spann-Ford","TE","DAL","16%","12%","20%","22%","33%","18%","","","","","","","","","","","","","81","20%"
"David Moore","WR","CAR","19%","14%","97%","1%","0%","0%","","","","","","","","","","","","","81","29%"
"Luther Burden III","WR","CHI","27%","18%","29%","28%","bye","23%","","","","","","","","","","","","","81","25%"
"Tim Patrick","WR","JAC","11%","17%","31%","29%","9%","18%","","","","","","","","","","","","","80","20%"
"Chris Manhertz","TE","NYG","26%","21%","20%","16%","11%","22%","","","","","","","","","","","","","80","19%"
"Jaylin Noel","WR","HOU","27%","31%","14%","24%","30%","bye","","","","","","","","","","","","","79","25%"
"Ollie Gordon II","RB","MIA","25%","12%","25%","26%","25%","24%","","","","","","","","","","","","","77","23%"
"Durham Smythe","TE","CHI","10%","9%","39%","49%","bye","12%","","","","","","","","","","","","","77","24%"
"Jacoby Brissett","QB","ARI","0%","2%","0%","0%","4%","100%","","","","","","","","","","","","","77","39%"
"Devin Singletary","RB","NYG","15%","6%","24%","25%","32%","6%","","","","","","","","","","","","","76","18%"
"David Sills V","WR","ATL","3%","5%","38%","23%","bye","44%","","","","","","","","","","","","","76","22%"
"Michael Carter","RB","ARI","0%","0%","0%","6%","57%","44%","","","","","","","","","","","","","75","36%"
"Zaire Mitchell-Paden","TE","BAL","29%","25%","26%","16%","28%","12%","","","","","","","","","","","","","74","22%"
"Joe Burrow","QB","CIN","100%","30%","0%","0%","0%","0%","","","","","","","","","","","","","73","60%"
"Ryan Miller","WR","TB","16%","22%","25%","8%","15%","25%","","","","","","","","","","","","","73","18%"
"Bhayshul Tuten","RB","JAC","6%","25%","17%","24%","21%","14%","","","","","","","","","","","","","73","18%"
"John FitzPatrick","TE","GB","31%","31%","23%","12%","bye","20%","","","","","","","","","","","","","73","22%"
"Austin Ekeler","RB","WAS","47%","52%","0%","0%","0%","0%","","","","","","","","","","","","","69","50%"
"Brian Robinson Jr.","RB","SF","24%","23%","9%","15%","14%","7%","","","","","","","","","","","","","67","15%"
"Miles Sanders","RB","DAL","18%","22%","36%","10%","0%","0%","","","","","","","","","","","","","65","22%"
"Harrison Bryant","TE","HOU","0%","39%","27%","14%","27%","bye","","","","","","","","","","","","","65","26%"
"Kyle Williams","WR","NE","10%","17%","12%","29%","17%","22%","","","","","","","","","","","","","64","17%"
"Beaux Collins","WR","NYG","3%","0%","14%","28%","38%","6%","","","","","","","","","","","","","64","18%"
"Scotty Miller","WR","PIT","16%","15%","7%","25%","bye","44%","","","","","","","","","","","","","61","21%"
"Noah Brown","WR","WAS","47%","39%","0%","0%","0%","0%","","","","","","","","","","","","","60","43%"
"Robbie Ouzts","TE","SEA","37%","42%","25%","0%","0%","0%","","","","","","","","","","","","","60","34%"
"Zavier Scott","RB","MIN","0%","0%","28%","38%","22%","bye","","","","","","","","","","","","","60","30%"
"Roman Wilson","WR","PIT","18%","35%","17%","6%","bye","25%","","","","","","","","","","","","","59","21%"
"Kimani Vidal","RB","LAC","0%","0%","0%","3%","21%","67%","","","","","","","","","","","","","59","30%"
"Braelon Allen","RB","NYJ","31%","19%","33%","10%","0%","0%","","","","","","","","","","","","","58","24%"
"Skyy Moore","WR","SF","4%","3%","52%","12%","9%","4%","","","","","","","","","","","","","58","13%"
"Emanuel Wilson","RB","GB","4%","7%","23%","30%","bye","18%","","","","","","","","","","","","","58","18%"
"Chris Rodriguez Jr.","RB","WAS","0%","0%","38%","35%","25%","2%","","","","","","","","","","","","","58","24%"
"Tyler Badie","RB","DEN","18%","22%","4%","10%","26%","0%","","","","","","","","","","","","","56","16%"
"Robert Tonyan","TE","KC","8%","13%","14%","16%","14%","19%","","","","","","","","","","","","","56","14%"
"Jake Bobo","WR","SEA","0%","15%","33%","15%","8%","22%","","","","","","","","","","","","","56","18%"
"Emari Demercado","RB","ARI","0%","2%","11%","39%","28%","4%","","","","","","","","","","","","","56","17%"
"Justin Watson","WR","HOU","56%","41%","0%","0%","0%","bye","","","","","","","","","","","","","55","49%"
"KeAndre Lambert-Smith","WR","LAC","22%","10%","0%","11%","12%","28%","","","","","","","","","","","","","53","17%"
"Lucas Krull","TE","DEN","29%","16%","42%","0%","0%","0%","","","","","","","","","","","","","53","28%"
"Curtis Samuel","WR","BUF","0%","0%","0%","34%","49%","0%","","","","","","","","","","","","","53","42%"
"Raheem Mostert","RB","LV","0%","0%","0%","15%","47%","21%","","","","","","","","","","","","","53","29%"
"Tyjae Spears","RB","TEN","0%","0%","0%","0%","25%","59%","","","","","","","","","","","","","53","41%"
"Lil'Jordan Humphrey","WR","NYG","0%","0%","0%","0%","0%","77%","","","","","","","","","","","","","53","77%"
"Brashard Smith","RB","KC","13%","8%","11%","26%","9%","9%","","","","","","","","","","","","","52","13%"
"Antonio Gibson","RB","NE","7%","17%","26%","18%","15%","0%","","","","","","","","","","","","","52","17%"
"Adam Prentice","RB","DEN","20%","16%","10%","9%","5%","18%","","","","","","","","","","","","","51","13%"
"Blake Whiteheart","TE","CLE","4%","5%","3%","18%","10%","27%","","","","","","","","","","","","","50","12%"
"Konata Mumpfield","WR","LAR","10%","18%","11%","11%","13%","17%","","","","","","","","","","","","","50","13%"
"Zamir White","RB","LV","14%","30%","29%","0%","0%","0%","","","","","","","","","","","","","49","25%"
"A.J. Dillon","RB","PHI","13%","17%","7%","14%","15%","14%","","","","","","","","","","","","","48","13%"
"Hassan Haskins","RB","LAC","2%","2%","8%","8%","21%","31%","","","","","","","","","","","","","48","12%"
"Kameron Johnson","WR","TB","2%","9%","1%","8%","11%","49%","","","","","","","","","","","","","48","12%"
"Aaron Jones Sr.","RB","MIN","50%","43%","0%","0%","0%","bye","","","","","","","","","","","","","48","47%"
"Zonovan Knight","RB","ARI","0%","0%","0%","0%","16%","51%","","","","","","","","","","","","","48","34%"
"Ray Davis","RB","BUF","12%","27%","7%","8%","9%","4%","","","","","","","","","","","","","47","12%"
"DJ Giddens","RB","IND","25%","7%","14%","7%","14%","3%","","","","","","","","","","","","","46","12%"
"Jack Westover","TE","NE","3%","10%","4%","22%","23%","16%","","","","","","","","","","","","","46","12%"
"Ben Skowronek","WR","PIT","18%","5%","7%","34%","bye","17%","","","","","","","","","","","","","45","16%"
"Najee Harris","RB","LAC","18%","34%","13%","0%","0%","0%","","","","","","","","","","","","","43","21%"
"Foster Moreau","TE","NO","0%","0%","0%","0%","35%","36%","","","","","","","","","","","","","43","35%"
"Colson Yankoff","TE","WAS","6%","1%","34%","18%","5%","5%","","","","","","","","","","","","","41","11%"
"Chris Brooks","RB","GB","19%","19%","12%","6%","bye","8%","","","","","","","","","","","","","40","12%"
"Jakob Johnson","RB","HOU","11%","41%","21%","0%","0%","bye","","","","","","","","","","","","","40","23%"
"James Mitchell","TE","CAR","0%","0%","0%","25%","19%","15%","","","","","","","","","","","","","40","19%"
"Dee Eskridge","WR","MIA","27%","7%","7%","7%","4%","20%","","","","","","","","","","","","","39","12%"
"Trevor Etienne","RB","CAR","3%","2%","3%","16%","20%","12%","","","","","","","","","","","","","39","9%"
"Savion Williams","WR","GB","6%","16%","9%","12%","bye","11%","","","","","","","","","","","","","37","11%"
"Connor Heyward","TE","PIT","7%","15%","2%","30%","bye","10%","","","","","","","","","","","","","36","13%"
"Cade Stover","TE","HOU","57%","0%","0%","0%","0%","bye","","","","","","","","","","","","","36","57%"
"Teagan Quitoriano","TE","ATL","3%","23%","11%","12%","bye","4%","","","","","","","","","","","","","35","10%"
"Andrew Beck","TE","NYJ","8%","2%","12%","10%","12%","5%","","","","","","","","","","","","","33","9%"
"Dareke Young","WR","SEA","0%","12%","28%","3%","7%","5%","","","","","","","","","","","","","33","11%"
"Ross Dwelley","TE","DET","0%","0%","6%","7%","26%","17%","","","","","","","","","","","","","33","14%"
"Jimmy Horn Jr.","WR","CAR","0%","0%","0%","0%","27%","21%","","","","","","","","","","","","","33","24%"
"Travis Vokolek","TE","ARI","5%","33%","0%","0%","16%","0%","","","","","","","","","","","","","32","17%"
"Dare Ogunbowale","RB","HOU","27%","20%","0%","1%","4%","bye","","","","","","","","","","","","","31","12%"
"Albert Okwuegbunam Jr.","TE","LV","0%","0%","0%","0%","46%","0%","","","","","","","","","","","","","31","46%"
"Julius Chestnut","RB","TEN","11%","11%","9%","14%","4%","2%","","","","","","","","","","","","","30","8%"
"Tay Martin","WR","WAS","0%","0%","0%","16%","24%","11%","","","","","","","","","","","","","30","17%"
"Ko Kieft","TE","TB","14%","6%","22%","0%","0%","0%","","","","","","","","","","","","","29","14%"
"Mitch Tinsley","WR","CIN","10%","14%","12%","15%","0%","0%","","","","","","","","","","","","","29","13%"
"Sean Tucker","RB","TB","3%","1%","0%","0%","21%","23%","","","","","","","","","","","","","28","11%"
"Russell Gage Jr.","WR","SF","37%","0%","0%","0%","0%","0%","","","","","","","","","","","","","28","37%"
"Cameron Latu","TE","PHI","0%","10%","7%","14%","3%","12%","","","","","","","","","","","","","28","9%"
"Ben Yurosek","TE","MIN","18%","9%","22%","0%","0%","bye","","","","","","","","","","","","","27","17%"
"Kaleb Johnson","RB","PIT","4%","3%","0%","21%","bye","19%","","","","","","","","","","","","","26","11%"
"David Martin-Robinson","TE","TEN","2%","0%","1%","0%","21%","15%","","","","","","","","","","","","","25","10%"
"Terrance Ferguson","TE","LAR","0%","7%","0%","0%","6%","32%","","","","","","","","","","","","","25","14%"
"Brady Russell","TE","SEA","0%","0%","12%","11%","3%","16%","","","","","","","","","","","","","25","10%"
"Mason Tipton","WR","NO","0%","0%","12%","7%","14%","4%","","","","","","","","","","","","","25","10%"
"Tyler Huntley","QB","BAL","0%","0%","0%","0%","0%","32%","","","","","","","","","","","","","25","32%"
"Devontez Walker","WR","BAL","0%","23%","12%","7%","0%","0%","","","","","","","","","","","","","24","14%"
"Jayden Reed","WR","GB","38%","7%","0%","0%","bye","0%","","","","","","","","","","","","","23","20%"
"Xavier Smith","WR","LAR","3%","3%","0%","8%","0%","25%","","","","","","","","","","","","","23","9%"
"Dameon Pierce","RB","HOU","11%","0%","0%","0%","23%","bye","","","","","","","","","","","","","23","17%"
"John Metchie III","WR","PHI","2%","12%","3%","9%","7%","5%","","","","","","","","","","","","","22","6%"
"KhaDarel Hodge","WR","ATL","11%","14%","3%","0%","bye","4%","","","","","","","","","","","","","22","8%"
"Kevin Austin Jr.","WR","NO","0%","0%","30%","0%","0%","0%","","","","","","","","","","","","","22","30%"
"Jason Brownlee","WR","KC","10%","13%","10%","0%","0%","0%","","","","","","","","","","","","","21","11%"
"George Kittle","TE","SF","28%","0%","0%","0%","0%","0%","","","","","","","","","","","","","21","28%"
"Taysom Hill","TE","NO","0%","0%","0%","0%","14%","21%","","","","","","","","","","","","","21","17%"
"Derius Davis","WR","LAC","12%","9%","8%","0%","0%","0%","","","","","","","","","","","","","20","10%"
"Darius Cooper","WR","PHI","3%","20%","9%","0%","0%","0%","","","","","","","","","","","","","20","11%"
"George Holani","RB","SEA","0%","0%","35%","0%","0%","0%","","","","","","","","","","","","","20","35%"
"Will Shipley","RB","PHI","8%","0%","0%","5%","13%","5%","","","","","","","","","","","","","19","8%"
"Dylan Laube","RB","LV","0%","17%","11%","0%","0%","0%","","","","","","","","","","","","","19","14%"
"Jalen Royals","WR","KC","0%","0%","0%","19%","6%","2%","","","","","","","","","","","","","19","9%"
"Brenden Bates","TE","HOU","0%","0%","0%","8%","19%","bye","","","","","","","","","","","","","19","13%"
"Alex Bachman","WR","LV","3%","1%","6%","0%","12%","5%","","","","","","","","","","","","","18","5%"
"Drew Lock","QB","SEA","0%","0%","32%","0%","0%","0%","","","","","","","","","","","","","18","32%"
"Tanner Hudson","TE","CIN","0%","0%","0%","2%","2%","25%","","","","","","","","","","","","","18","10%"
"Cam Grandy","TE","CIN","0%","0%","21%","8%","0%","0%","","","","","","","","","","","","","16","15%"
"DeeJay Dallas","RB","CAR","0%","0%","0%","0%","17%","6%","","","","","","","","","","","","","16","12%"
"Jaydon Blue","RB","DAL","0%","0%","0%","0%","18%","9%","","","","","","","","","","","","","16","14%"
"Kirk Cousins","QB","ATL","0%","0%","23%","0%","bye","0%","","","","","","","","","","","","","15","23%"
"Tank Bigsby","RB","Multi","21%","0%","0%","0%","0%","0%","","","","","","","","","","","","","14","21%"
"Andy Dalton","QB","CAR","0%","0%","2%","19%","0%","0%","","","","","","","","","","","","","14","11%"
"Anthony Richardson Sr.","QB","IND","0%","0%","12%","0%","11%","0%","","","","","","","","","","","","","14","11%"
"Xavier Weaver","WR","ARI","0%","0%","0%","21%","0%","0%","","","","","","","","","","","","","14","21%"
"British Brooks","RB","HOU","0%","0%","0%","4%","16%","bye","","","","","","","","","","","","","14","10%"
"Malachi Corley","WR","CLE","0%","0%","0%","0%","17%","2%","","","","","","","","","","","","","14","9%"
"Gage Larvadain","WR","CLE","0%","0%","0%","0%","1%","16%","","","","","","","","","","","","","14","9%"
"Davis Mills","QB","HOU","0%","0%","0%","0%","20%","bye","","","","","","","","","","","","","14","20%"
"Nikko Remigio","WR","KC","2%","3%","7%","5%","0%","2%","","","","","","","","","","","","","13","4%"
"Max Brosmer","QB","MIN","0%","0%","20%","0%","2%","bye","","","","","","","","","","","","","13","10%"
"Simi Fehoko","WR","ARI","0%","0%","0%","0%","6%","12%","","","","","","","","","","","","","13","9%"
"Brayden Willis","TE","SF","0%","8%","2%","3%","2%","1%","","","","","","","","","","","","","12","3%"
"Anthony Gould","WR","IND","0%","0%","5%","0%","11%","3%","","","","","","","","","","","","","12","7%"
"Tai Felton","WR","MIN","0%","0%","20%","0%","0%","bye","","","","","","","","","","","","","12","20%"
"C.J. Ham","RB","MIN","0%","0%","0%","0%","18%","bye","","","","","","","","","","","","","12","18%"
"Bryce Oliver","WR","TEN","5%","12%","0%","0%","0%","0%","","","","","","","","","","","","","11","9%"
"Moliki Matavao","TE","NO","1%","6%","0%","9%","0%","0%","","","","","","","","","","","","","11","5%"
"LaJohntay Wester","WR","BAL","0%","5%","0%","4%","9%","3%","","","","","","","","","","","","","11","5%"
"Tyson Bagent","QB","CHI","0%","16%","0%","0%","bye","0%","","","","","","","","","","","","","11","16%"
"Mitchell Trubisky","QB","BUF","0%","13%","0%","0%","0%","0%","","","","","","","","","","","","","10","13%"
"Myles Price","WR","MIN","0%","0%","17%","0%","0%","bye","","","","","","","","","","","","","10","17%"
"Tahj Brooks","RB","CIN","0%","0%","18%","0%","0%","0%","","","","","","","","","","","","","10","18%"
"Joe Milton III","QB","DAL","0%","0%","14%","0%","0%","0%","","","","","","","","","","","","","10","14%"
"Stephen Carlson","TE","CHI","0%","0%","0%","15%","bye","0%","","","","","","","","","","","","","10","15%"
"Zach Wilson","QB","MIA","19%","0%","0%","0%","0%","0%","","","","","","","","","","","","","9","19%"
"Dalevon Campbell","WR","CAR","0%","0%","0%","13%","0%","0%","","","","","","","","","","","","","9","13%"
"Nathan Carter","RB","ATL","0%","2%","11%","0%","bye","0%","","","","","","","","","","","","","8","6%"
"Tyler Goodson","RB","IND","0%","0%","7%","7%","0%","0%","","","","","","","","","","","","","8","7%"
"Cam Akers","RB","MIN","0%","0%","12%","0%","2%","bye","","","","","","","","","","","","","8","6%"
"Jalen Cropper","WR","DAL","0%","0%","0%","1%","10%","2%","","","","","","","","","","","","","8","4%"
"Ameer Abdullah","RB","IND","0%","0%","0%","0%","8%","5%","","","","","","","","","","","","","8","6%"
"Carter Runyon","TE","LV","0%","0%","0%","0%","9%","3%","","","","","","","","","","","","","8","6%"
"Devin Culp","TE","TB","0%","0%","0%","0%","8%","6%","","","","","","","","","","","","","8","7%"
"Devin Neal","RB","NO","9%","0%","0%","0%","0%","0%","","","","","","","","","","","","","7","9%"
"Feleipe Franks","QB","ATL","1%","0%","0%","5%","bye","4%","","","","","","","","","","","","","7","3%"
"Dominic Lovett","WR","DET","0%","5%","1%","2%","3%","0%","","","","","","","","","","","","","7","3%"
"Kyle Allen","QB","DET","0%","5%","0%","7%","0%","0%","","","","","","","","","","","","","7","6%"
"Malik Turner","WR","SF","0%","0%","2%","0%","7%","0%","","","","","","","","","","","","","7","5%"
"Quintin Morris","TE","JAC","0%","0%","0%","4%","2%","4%","","","","","","","","","","","","","7","3%"
"Ja'Corey Brooks","WR","WAS","0%","0%","0%","0%","0%","11%","","","","","","","","","","","","","7","11%"
"Shane Zylstra","TE","DET","9%","0%","0%","0%","0%","0%","","","","","","","","","","","","","6","9%"
"Tim Jones","WR","MIN","5%","6%","0%","0%","0%","bye","","","","","","","","","","","","","6","6%"
"Mason Rudolph","QB","PIT","0%","5%","0%","0%","bye","5%","","","","","","","","","","","","","6","5%"
"Joshua Dobbs","QB","NE","0%","0%","0%","12%","0%","0%","","","","","","","","","","","","","6","12%"
"Gardner Minshew II","QB","KC","0%","0%","0%","8%","0%","0%","","","","","","","","","","","","","6","8%"
"Keaton Mitchell","RB","BAL","0%","0%","0%","0%","9%","3%","","","","","","","","","","","","","6","5%"
"Trey Lance","QB","LAC","0%","0%","0%","0%","9%","0%","","","","","","","","","","","","","6","9%"
"Jaleel McLaughlin","RB","DEN","0%","0%","0%","0%","0%","10%","","","","","","","","","","","","","6","10%"
"Cody White","WR","SEA","10%","0%","0%","0%","0%","0%","","","","","","","","","","","","","5","10%"
"Rasheen Ali","RB","BAL","2%","0%","0%","2%","0%","4%","","","","","","","","","","","","","5","3%"
"Jacardia Wright","RB","SEA","0%","0%","9%","0%","0%","0%","","","","","","","","","","","","","5","9%"
"Jacob Saylors","RB","DET","0%","0%","1%","7%","0%","0%","","","","","","","","","","","","","5","4%"
"Will Mallory","TE","IND","0%","0%","0%","0%","8%","0%","","","","","","","","","","","","","5","8%"
"Charlie Jones","WR","CIN","0%","1%","5%","0%","0%","0%","","","","","","","","","","","","","4","3%"
"Bo Melton","WR","GB","0%","0%","5%","0%","bye","2%","","","","","","","","","","","","","4","3%"
"Justin Shorter","WR","LV","0%","0%","3%","0%","0%","3%","","","","","","","","","","","","","4","3%"
"Treyton Welch","TE","NO","0%","0%","5%","0%","0%","0%","","","","","","","","","","","","","4","5%"
"Nick Vannett","TE","MIN","0%","0%","0%","4%","2%","bye","","","","","","","","","","","","","4","3%"
"Jackson Meeks","WR","DET","0%","0%","0%","7%","0%","0%","","","","","","","","","","","","","4","7%"
"Jalen Brooks","WR","DAL","0%","0%","0%","0%","7%","0%","","","","","","","","","","","","","4","7%"
"Raheim Sanders","RB","CLE","4%","0%","0%","0%","0%","0%","","","","","","","","","","","","","3","4%"
"Jalen Milroe","QB","SEA","2%","0%","2%","0%","2%","0%","","","","","","","","","","","","","3","2%"
"Craig Reynolds","RB","DET","0%","5%","0%","0%","0%","0%","","","","","","","","","","","","","3","5%"
"Brett Rypien","QB","CIN","0%","0%","5%","0%","0%","0%","","","","","","","","","","","","","3","5%"
"Tyler Shough","QB","NO","0%","0%","4%","0%","0%","0%","","","","","","","","","","","","","3","4%"
"Tahj Washington","WR","MIA","0%","0%","0%","0%","5%","0%","","","","","","","","","","","","","3","5%"
"Roschon Johnson","RB","CHI","0%","0%","0%","0%","bye","5%","","","","","","","","","","","","","3","5%"
"Ulysses Bentley IV","RB","IND","3%","0%","0%","0%","0%","0%","","","","","","","","","","","","","2","3%"
"Jeff Wilson Jr.","RB","MIA","4%","0%","0%","0%","0%","0%","","","","","","","","","","","","","2","4%"
"Gunner Olszewski","WR","NYG","0%","0%","2%","0%","0%","1%","","","","","","","","","","","","","2","1%"
"Velus Jones Jr.","WR","NO","0%","0%","0%","1%","2%","0%","","","","","","","","","","","","","2","2%"
"Josh Williams","RB","TB","0%","0%","0%","0%","3%","0%","","","","","","","","","","","","","2","3%"
"Parris Campbell","WR","DAL","0%","0%","0%","0%","0%","4%","","","","","","","","","","","","","2","4%"
"Efton Chism III","WR","NE","0%","0%","0%","0%","0%","3%","","","","","","","","","","","","","2","3%"
"Jahdae Walker","WR","CHI","0%","0%","0%","1%","bye","0%","","","","","","","","","","","","","1","1%"
"Isaiah Williams","WR","NYJ","0%","0%","0%","2%","0%","0%","","","","","","","","","","","","","1","2%"
"Stone Smartt","TE","NYJ","0%","0%","0%","2%","0%","0%","","","","","","","","","","","","","1","2%"
"Ke'Shawn Williams","WR","PIT","0%","0%","0%","0%","bye","2%","","","","","","","","","","","","","1","2%"
"Ben Sims","TE","GB","0%","0%","0%","0%","bye","2%","","","","","","","","","","","","","1","2%"
"Owen Wright","RB","TB","0%","0%","0%","0%","0%","2%","","","","","","","","","","","","","1","2%"
""
""